location_ID,plot_ID,x.m,y.m,burn_severity,S.mm_hr0.5,kfs.mm_hr,hf.m,c1.CI,c2.CI,c1.CL,c2.CL,r2.CL,c1.DL,c2.DL,r2.DL,a1,a2,c1,c2,S.cm_sec0.5,kfs.cm_sec,soil_texture_mdi,n,theta_i.cm3_cm3,theta_s.cm3_cm3,mdiradius.cm,alpha.percm,tension.cm,CI.fit,CL.fit,DL.fit
1_0_5,1,0,5,high,63.11903256646963,164.15940382015964,0.035172708323765095,0.09585585841826472,0.01871579151985047,0.09746326015092055,0.018644650166465257,0.9817800713568744,0.14450876798570056,0.015826957462025268,0.862710361965346,1.070446972390221,3.8879818939846293,0.11260929551829528,0.017729133049447,0.1051983876107827,0.004559983439448879,sandy loam,1.89,0.025,0.41,2.25,0.075,-1,good,good,good
1_2_8,1,2,8,high,72.50410827167282,309.7850716429805,0.02459323472140186,0.10998484919498697,0.03479594965777132,0.12378028821915038,0.03345242667159506,0.9825442562820882,0.15429387851218737,0.03212151946852023,0.8826159456387799,1.070446972390221,3.8879818939846293,0.12935300530877492,0.03345663193262887,0.12084018045278803,0.0086051408789716809,sandy loam,1.89,0.025,0.41,2.25,0.075,-1,good,good,good
1_8_8,1,8,8,high,111.88194584216373,310.35565427850037,0.05845360078033229,0.17200743242210514,0.035899293233925274,0.19115603105139253,0.03374151925830974,0.9433159423132702,0.23565498748585656,0.03091395121864521,0.8410198695351541,1.070446972390221,3.8879818939846293,0.19960615031978474,0.03351825457029341,0.18646990973693955,0.008620990396625009,sandy loam,1.89,0.025,0.41,2.25,0.075,-1,good,good,good
1_3_0,1,3,0,high,67.92897025281431,161.9215915368662,0.04130058541110641,0.10869185386654703,0.018146954984803784,0.1089135401466537,0.018183266686141505,0.9644477623081544,0.1459664087103516,0.01613212967409726,0.9443385121037117,1.070446972390221,3.8879818939846293,0.12119060090785078,0.017487450448347517,0.11321495042135718,0.004497821987135172,sandy loam,1.89,0.025,0.41,2.25,0.075,-1,good,good,good
1_5_0,1,5,0,high,60.50488841165612,285.74504169671184,0.018567487265080902,0.08265908983335457,0.032822470330454934,0.09610536193169145,0.03153859913949256,0.9825839248645533,0.14507192131028135,0.028219892897777404,0.9056786835987554,1.070446972390221,3.8879818939846293,0.10794545769177578,0.03086032078924163,0.10084148068609354,0.007937362269353107,sandy loam,1.89,0.025,0.41,2.25,0.075,-1,good,good,good
1_5_5,1,5,5,high,83.51612656210935,154.340011431186,0.06549574231312572,0.13291697952377393,0.017603703948763427,0.13723076110474441,0.017319783649485488,0.9490914603501724,0.17685018349232395,0.015082443231903749,0.8098426737198582,1.070446972390221,3.8879818939846293,0.14899930804028078,0.01666864361005089,0.13919354427018224,0.004287222539755167,sandy loam,1.89,0.025,0.41,2.25,0.075,-1,good,good,good
1_0_0,1,0,0,high,47.6467098401038,17.794907025311947,0.1848932341324239,0.08109140139549541,0.0020509846452921535,0.07959615974067896,0.002196272234292658,0.7572451343009935,0.09432882032729796,0.0015182661470445823,0.35186825641577923,1.070446972390221,3.8879818939846293,0.0850054604878241,0.0019218410088764648,0.07941118306683967,4.943029729253318e-4,sandy loam,1.89,0.025,0.41,2.25,0.075,-1,good,good,good
1_1_0,1,1,0,high,53.30392992352577,83.61382669562141,0.04924830274947428,0.09042061320102017,0.009214641556724473,0.09332558462608251,0.009003642367256287,0.9921686601619217,0.10154895418859068,0.008872469765964636,0.8666367212668498,1.070446972390221,3.8879818939846293,0.09509838400523112,0.009030251229981799,0.08883988320587628,0.002322606297100595,sandy loam,1.89,0.025,0.41,2.25,0.075,-1,good,good,good
1_1_1,1,1,1,high,102.70781737339324,49.35238433834694,0.30977742847766176,0.1776836683389666,0.005471788726112114,0.17900545330371223,0.005394594238350647,0.9363218898299341,0.1930272390981039,0.005123715096575864,0.5361412984663065,1.070446972390221,3.8879818939846293,0.18323878691359424,0.005330032687012875,0.17117969562232208,0.0013708995649540816,sandy loam,1.89,0.025,0.41,2.25,0.075,-1,good,good,good
1_0_1,1,0,1,high,108.51835222447639,94.54201278254561,0.18052296023193543,0.182807750283688,0.010823404733377728,0.18497651791286013,0.010687923800502926,0.9081365451372868,0.21303143974078365,0.009120140959402742,0.6950388668239944,1.070446972390221,3.8879818939846293,0.19360523597911058,0.010210489831094465,0.1808639203741273,0.0026261670217373784,sandy loam,1.89,0.025,0.41,2.25,0.075,-1,good,good,good
1_0_3,1,0,3,high,111.36296684531256,149.35570428284623,0.1203401865185042,0.18058949778692568,0.017314691612048464,0.1822583396173457,0.01727671754744205,0.9245990892914391,0.2331929160755155,0.013799613675095204,0.714790907249526,1.070446972390221,3.8879818939846293,0.19868025115992896,0.016130340944861907,0.18560494474218758,0.004148769563412395,sandy loam,1.89,0.025,0.41,2.25,0.075,-1,good,good,good
1_3_3,1,3,3,high,71.05011398459621,115.81044577182355,0.06317317928611228,0.10799646610906155,0.013801790649436495,0.11331268713976782,0.013380316447625506,0.9459761908626126,0.1589677437651262,0.010340302594199564,0.6898045210441621,1.070446972390221,3.8879818939846293,0.12675896567131853,0.012507469897087188,0.11841685664099369,0.0032169568269950987,sandy loam,1.89,0.025,0.41,2.25,0.075,-1,good,good,good
1_8_2,1,8,2,high,102.90485056855799,404.4001687273345,0.03794995574883809,0.14152163659552197,0.04742461682290524,0.17049512576000156,0.043983829765368236,0.9588598045645946,0.23875416632138152,0.03961659790641033,0.8289613365464925,1.070446972390221,3.8879818939846293,0.18359030955896835,0.04367501483156127,0.17150808428092998,0.011233338020203737,sandy loam,1.89,0.025,0.41,2.25,0.075,-1,good,good,good
1_10_0,1,10,0,high,92.5707278677843,247.94930373459556,0.05008819404039668,0.14009310718419588,0.02859620249537836,0.1508259541276917,0.027599617772205005,0.9721181820600403,0.2045412155782562,0.02413938002793356,0.7994052292264566,1.070446972390221,3.8879818939846293,0.16515342563004792,0.026778400098505642,0.15428454644630715,0.006887480659294322,sandy loam,1.89,0.025,0.41,2.25,0.075,-1,good,good,good
1_10_10,1,10,10,high,15.191968502001956,92.6814675923366,0.0036089935817681276,0.021696218959821083,0.010164188639908764,0.018742742664251095,0.010376032995113934,0.994153971377751,0.040872021814005795,0.00948843402388796,0.9317804390275908,1.070446972390221,3.8879818939846293,0.02710366114602599,0.010009551886303553,0.025319947503336594,0.002574485210898239,sandy loam,1.89,0.025,0.41,2.25,0.075,-1,good,good,good
1_0_10,1,0,10,high,69.18188529839476,126.94625215858814,0.05464064426510607,0.11043703107170881,0.014386902153189938,0.1142176731962786,0.01414093718751163,0.974209133289633,0.14562299404158366,0.012602554817781584,0.8030355682106857,1.070446972390221,3.8879818939846293,0.12342589943652368,0.013710131386161051,0.11530314216399126,0.003526284782183004,sandy loam,1.89,0.025,0.41,2.25,0.075,-1,good,good,good
2_3_3,2,3,3,high,109.87808137369308,171.3920713923153,0.10208979142778364,0.17413613043604198,0.019914011769740957,0.18136840534013754,0.019315918910451493,0.9341836317781077,0.23258876191640096,0.016300841848627783,0.8427950654985049,1.070446972390221,3.8879818939846293,0.19603109923086015,0.018510257509606744,0.1831301356228218,0.004760890872008758,sandy loam,1.89,0.025,0.41,2.25,0.075,-1,good,good,good
2_3_0,2,3,0,high,100.59730696768109,120.7622293420282,0.12144859550544237,0.1750865977422048,0.013193237253943833,0.17864612765386287,0.012911865340003305,0.9734586771320479,0.18468768797475182,0.013021677502638282,0.8856157117280546,1.070446972390221,3.8879818939846293,0.1794734711236065,0.01304226003219514,0.16766217827946847,0.003354506370611895,sandy loam,1.89,0.025,0.41,2.25,0.075,-1,good,good,good
2_5_0,2,5,0,high,117.89308744428084,213.12431703944588,0.09451366131004685,0.18711214605684745,0.02432344954786103,0.19656945158863795,0.023517251852156196,0.9433412775639334,0.2473098949568446,0.021211255751416556,0.5941546655457596,1.070446972390221,3.8879818939846293,0.21033049753411,0.02301731905047793,0.1964884790738014,0.005920119917762386,sandy loam,1.89,0.025,0.41,2.25,0.075,-1,good,good,good
2_0_5,2,0,5,high,103.68605795473061,163.38767156927918,0.09536134156972237,0.1551723050250318,0.019421023121076377,0.1564003233783303,0.019469255817809488,0.9222629234363997,0.24337950568022979,0.014047080124586189,0.6790094716459335,1.070446972390221,3.8879818939846293,0.18498404469453061,0.017645786354490683,0.17281009659121768,0.004538546432479977,sandy loam,1.89,0.025,0.41,2.25,0.075,-1,good,good,good
2_0_10,2,0,10,high,86.06301569660747,171.13006067987212,0.06272746326804127,0.14279157097638567,0.019036163601170678,0.14675973630690414,0.01874124229312422,0.9685370375207292,0.1710781656527378,0.01766847555902457,0.7419303627956585,1.070446972390221,3.8879818939846293,0.15354315764534254,0.018481960484439824,0.14343835949434577,0.004753612796663114,sandy loam,1.89,0.025,0.41,2.25,0.075,-1,good,good,good
2_2_8,2,2,8,high,88.28885271213815,116.55703874365928,0.09692239801297758,0.14667933455951376,0.013051862038248542,0.14499155542276196,0.013227316598458409,0.9792595444159965,0.18087178542529656,0.011485126050944068,0.8455513197771124,1.070446972390221,3.8879818939846293,0.15751422513585742,0.01258810156255034,0.1471480878535636,0.0032376955206572023,sandy loam,1.89,0.025,0.41,2.25,0.075,-1,good,good,good
2_0_0,2,0,0,high,112.67787755705447,215.4274788342583,0.08541361951975816,0.1803753404408489,0.024858975579137917,0.1928241850648556,0.023642020570335473,0.9620380269657213,0.22987893892582048,0.02129718194838938,0.7260111423678879,1.070446972390221,3.8879818939846293,0.20102615481050834,0.023266059365954255,0.1877964625950908,0.005984096634284952,sandy loam,1.89,0.025,0.41,2.25,0.075,-1,good,good,good
2_1_1,2,1,1,high,112.61905598612753,122.52124262079109,0.1500248777913127,0.18683687899147203,0.0139689373869437,0.19035739827347956,0.01370990556601666,0.9396163435049041,0.22556936030402347,0.012017854791884112,0.7130795708875686,1.070446972390221,3.8879818939846293,0.2009212125229917,0.013232232581614824,0.18769842664354588,0.0034033678505775303,sandy loam,1.89,0.025,0.41,2.25,0.075,-1,good,good,good
2_0_3,2,0,3,high,85.1036548476101,362.87069096712344,0.028926470162491356,0.11107295185866306,0.04244248391408867,0.13497453216979524,0.03974900620611908,0.9649265755977758,0.20944726432637456,0.035378066241281224,0.8469442045342853,1.070446972390221,3.8879818939846293,0.1518315827849443,0.039189852120496325,0.14183942474601682,0.01007974141575343,sandy loam,1.89,0.025,0.41,2.25,0.075,-1,good,good,good
2_1_0,2,1,0,high,65.78111167622399,224.79896133367748,0.027897097881823055,0.10542343438965159,0.02489029753751254,0.10611580722876618,0.02488622130942131,0.9921227337926437,0.14053671755296715,0.023058005440723554,0.9123459883270781,1.070446972390221,3.8879818939846293,0.11735865305712831,0.02427817476255247,0.10963518612703999,0.006244415592602153,sandy loam,1.89,0.025,0.41,2.25,0.075,-1,good,good,good
2_0_1,2,0,1,high,146.96921550559475,293.38584312580207,0.10670002162596583,0.22401013760183267,0.03476046731302329,0.24761100483560286,0.03203561245779323,0.9673441842649447,0.31499261642521365,0.0282604907312279,0.8010695887762461,1.070446972390221,3.8879818939846293,0.2622045862875497,0.031685523500681476,0.2449486925093246,0.008149606753494501,sandy loam,1.89,0.025,0.41,2.25,0.075,-1,good,good,good
2_10_0,2,10,0,high,85.38848659265574,156.29537815565166,0.06760882780276166,0.14014386967957634,0.017490798473208988,0.1425586933911873,0.017342046020503984,0.9520541675143559,0.174316671679693,0.015806622204841563,0.7969511895158956,1.070446972390221,3.8879818939846293,0.15233974491681887,0.01687982223285151,0.1423141443210929,0.004341538282101435,sandy loam,1.89,0.025,0.41,2.25,0.075,-1,good,good,good
2_8_2,2,8,2,high,83.24920179729507,299.3313138539541,0.033555129064450934,0.12807409049392504,0.03376030992990131,0.14103590488502316,0.032465575745306736,0.9786950346389477,0.1764592847101371,0.030757008372025604,0.8507601250273961,1.070446972390221,3.8879818939846293,0.14852309336302844,0.03232763134907789,0.13874866966215846,0.008314758718165392,sandy loam,1.89,0.025,0.41,2.25,0.075,-1,good,good,good
2_5_5,2,5,5,high,95.90220674149869,81.79031233733257,0.1629694664471177,0.16462849034800311,0.009102501669148104,0.16548013717346607,0.009072472756210504,0.8981655287480603,0.18318250673842237,0.008324963363882781,0.791452093050304,1.070446972390221,3.8879818939846293,0.17109704475329718,0.008833312596413796,0.15983701123583113,0.00227195312048146,sandy loam,1.89,0.025,0.41,2.25,0.075,-1,good,good,good
2_8_8,2,8,8,high,96.91178383088513,177.29626871644652,0.07677228885878815,0.1568382197249285,0.0201087220021261,0.16225845131949915,0.01970307569133814,0.940662059096119,0.19959795690910512,0.017631925859917217,0.8806486220452211,1.070446972390221,3.8879818939846293,0.17289820931784425,0.019147907851127154,0.16151963971814187,0.004924896353234625,sandy loam,1.89,0.025,0.41,2.25,0.075,-1,good,good,good
2_10_10,2,10,10,high,150.39758643474138,239.968827732097,0.13660852838025492,0.24847958641838916,0.027456626716731547,0.2599995688846946,0.026221631080309418,0.9800517888390046,0.2964840499662437,0.024071280314884844,0.9490409312965395,1.070446972390221,3.8879818939846293,0.26832106842310915,0.02591651270397527,0.25066264405790234,0.006665800770336027,sandy loam,1.89,0.025,0.41,2.25,0.075,-1,good,good,good
3_0_10,3,0,10,high,115.1585593421195,83.00656019356899,0.23154261750171412,0.19431161115049278,0.009452264812994216,0.19440667432009487,0.009496575750004918,0.9150647821466469,0.22763737049236948,0.00794515969654599,0.7271825451707566,1.070446972390221,3.8879818939846293,0.2054518853209857,0.008964666753181708,0.19193093223686583,0.002305737783154694,sandy loam,1.89,0.025,0.41,2.25,0.075,-1,good,good,good
3_0_5,3,0,5,high,138.8467207165282,277.95209515266356,0.10051993782923581,0.21754539335945644,0.03248635348903228,0.24803852757634134,0.02917159445506544,0.9169140190542405,0.27755633815079317,0.028398111501623014,0.7297782767043806,1.070446972390221,3.8879818939846293,0.24771341969553032,0.030018686481906913,0.23141120119421366,0.0077208915320184325,sandy loam,1.89,0.025,0.41,2.25,0.075,-1,good,good,good
3_0_3,3,0,3,high,126.07843432919246,212.0607553549964,0.10863561299008816,0.20225211271352705,0.024659441092975243,0.22359571269305875,0.02249191499183847,0.9464721144144463,0.24895356615033112,0.02155600868559712,0.8447922421223681,1.070446972390221,3.8879818939846293,0.22493379718563897,0.02290245492347028,0.21013072388198745,0.005890576537638789,sandy loam,1.89,0.025,0.41,2.25,0.075,-1,good,good,good
3_0_1,3,0,1,high,72.08261090236502,257.99515495984133,0.02918773380161788,0.10983000123394043,0.02909468499126553,0.11793004139031536,0.028341041611189326,0.9738830401935501,0.15804302038783907,0.026154314332513636,0.8702878034406746,1.070446972390221,3.8879818939846293,0.12860102100403162,0.02786334697832283,0.12013768483727504,0.007166532082217815,sandy loam,1.89,0.025,0.41,2.25,0.075,-1,good,good,good
3_0_0,3,0,0,high,95.0980620607332,126.76880675082103,0.10339078684868537,0.1442426430025536,0.015013528504047658,0.15062910819861697,0.014589690447995775,0.9232993026645341,0.21411541186427552,0.01146968316205895,0.6863342093071245,1.070446972390221,3.8879818939846293,0.16966238768848202,0.013690967371367461,0.158496770101222,0.0035213557430783617,sandy loam,1.89,0.025,0.41,2.25,0.075,-1,good,good,good
3_1_0,3,1,0,high,100.50190084414155,45.752144317530885,0.31995434150725244,0.1657461214375396,0.00543528493570903,0.16772242955341216,0.005357545992407437,0.7964289496974755,0.20444122639941578,0.00403079479834452,0.5641084006558502,1.070446972390221,3.8879818939846293,0.17930325913012252,0.004941208575486996,0.16750316807356924,0.0012708928977091913,sandy loam,1.89,0.025,0.41,2.25,0.075,-1,good,good,good
3_1_1,3,1,1,high,67.83670922811942,57.98609687631387,0.115015554247357,0.11947406383932957,0.006288135493213266,0.11736221464606555,0.006427696499020869,0.9764376746724861,0.12624172156538593,0.00607157590426145,0.895926975684978,1.070446972390221,3.8879818939846293,0.12102600001692702,0.006262469298831862,0.11306118204686572,0.001610724913230941,sandy loam,1.89,0.025,0.41,2.25,0.075,-1,good,good,good
3_3_0,3,3,0,high,117.70554714777687,126.51556181771448,0.15870873196851093,0.19520027460782913,0.014519599466007884,0.20157458256286176,0.014032701603282814,0.8797320792412068,0.2332128757186699,0.012438550068589887,0.806468541232011,1.070446972390221,3.8879818939846293,0.20999591096312026,0.013663617045960195,0.19617591191296144,0.00351432116160318,sandy loam,1.89,0.025,0.41,2.25,0.075,-1,good,good,good
3_5_0,3,5,0,high,94.48505895907778,174.8215049152568,0.07400862432889116,0.13943003454678227,0.020625089112259687,0.15019942353160148,0.019798709726435722,0.9389374653586617,0.21607676841589796,0.01621810497710987,0.6779590912116092,1.070446972390221,3.8879818939846293,0.16856874216476056,0.018880634605268426,0.15747509826512962,0.004856152914312689,sandy loam,1.89,0.025,0.41,2.25,0.075,-1,good,good,good
3_10_0,3,10,0,high,43.11875736637579,47.216071793145076,0.05706811526127678,0.07397734593010574,0.005194411318460281,0.07400749306669865,0.005208311864439507,0.9493031055365961,0.08279687738352311,0.004895212836835747,0.8789463773493702,1.070446972390221,3.8879818939846293,0.0769272387934425,0.005099312006578512,0.07186459561062632,0.0013115575498095855,sandy loam,1.89,0.025,0.41,2.25,0.075,-1,good,good,good
3_8_2,3,8,2,high,136.87740280148162,130.81981551888825,0.20755867469441405,0.22717663769563323,0.015174127252617353,0.23951326945596935,0.014097379529799565,0.87464484283252,0.26591009993581116,0.01311391606023699,0.7701077713733396,1.070446972390221,3.8879818939846293,0.24420000236247125,0.014128474280884637,0.22812900466913602,0.0036338837644135625,sandy loam,1.89,0.025,0.41,2.25,0.075,-1,good,good,good
3_2_8,3,2,8,high,34.74992344244383,54.457681935874255,0.03213656560973921,0.05823664700791348,0.006008417727830374,0.0596227112877687,0.0059264178027545,0.9822418245755768,0.06813039340309765,0.00570937124900287,0.9336970118696103,1.070446972390221,3.8879818939846293,0.061996583899593276,0.005881402259862581,0.057916539070739716,0.0015127133871076183,sandy loam,1.89,0.025,0.41,2.25,0.075,-1,good,good,good
3_5_5,3,5,5,high,44.155858972721454,87.8814224144208,0.032153666790183784,0.07330653057016112,0.009658261097207155,0.07034068110192078,0.009865861532527548,0.9826819682708986,0.09268531608111437,0.008949325634005547,0.9279002623086877,1.070446972390221,3.8879818939846293,0.07877750925106543,0.00949114942124675,0.07359309828786909,0.0024411506226227997,sandy loam,1.89,0.025,0.41,2.25,0.075,-1,good,good,good
3_3_3,3,3,3,high,94.50650090492692,73.5031570987192,0.17610362002363855,0.16025858439399027,0.008269646202448772,0.15470457316310202,0.008712430158439881,0.9023759944727425,0.19085783126727124,0.006832835634988683,0.7483137135954298,1.070446972390221,3.8879818939846293,0.16860699627478784,0.007938303998625778,0.15751083484154488,0.002041754363853311,sandy loam,1.89,0.025,0.41,2.25,0.075,-1,good,good,good
3_10_10,3,10,10,high,79.39962705116834,122.09789756415532,0.07483067254542496,0.12972371303350677,0.013731164261404964,0.12868608764038217,0.013871941221247588,0.9569240188604575,0.16655565125529023,0.011956429102599602,0.8842696672956442,1.070446972390221,3.8879818939846293,0.14165515064305972,0.013186511528417384,0.13233271175194722,0.003391608265670981,sandy loam,1.89,0.025,0.41,2.25,0.075,-1,good,good,good
3_8_8,3,8,8,high,42.32738953474918,169.57271919417863,0.015312210641779402,0.05911602212898378,0.019180189161275472,0.054891924801730704,0.01956967506352153,0.9821834640252358,0.11253818295255444,0.016191440936928526,0.9222957993040846,1.070446972390221,3.8879818939846293,0.07551537662775631,0.018313768387241844,0.07054564922458197,0.0047103533109494064,sandy loam,1.89,0.025,0.41,2.25,0.075,-1,good,good,good
4_3_0,4,3,0,moderate,76.61792328790636,286.6913305608565,0.029675435539979728,0.10839146383340473,0.03311201957348388,0.11964205912888705,0.03204517906873762,0.9741670875306875,0.18204359710953613,0.027730359889692857,0.8568815387086292,1.070446972390221,3.8879818939846293,0.13669237335727596,0.03096251951063812,0.12769653881317727,0.007963648071134902,sandy loam,1.89,0.025,0.41,2.25,0.075,-1,good,good,good
4_5_0,4,5,0,moderate,98.30869184952722,209.00743527874315,0.06701515208718958,0.15865967331682107,0.023705559413485844,0.17286713677214957,0.022451445295375582,0.9545370858365907,0.19464439766087735,0.021561088963798374,0.7415785954072311,1.070446972390221,3.8879818939846293,0.17539040258328267,0.0225726978908866,0.16384781974921203,0.005805762091076199,sandy loam,1.89,0.025,0.41,2.25,0.075,-1,good,good,good
4_10_0,4,10,0,moderate,87.27537842616937,209.66762114474903,0.05265056338081854,0.1236542243805806,0.02477191076226789,0.12864333395939392,0.02444803297654598,0.9732163331631033,0.21482076466254446,0.018712049158320553,0.7748263409210344,1.070446972390221,3.8879818939846293,0.15570610766750634,0.022643997632378142,0.1454589640436156,0.00582410058735414,sandy loam,1.89,0.025,0.41,2.25,0.075,-1,good,good,good
4_8_2,4,8,2,moderate,64.69834562816506,329.13385836155203,0.018431670570008014,0.07787603653909635,0.03834309023553406,0.09465934435829276,0.03664218606745643,0.9873009397624545,0.1737453600842378,0.03165359719759414,0.889517143686693,1.070446972390221,3.8879818939846293,0.11542691366054231,0.035546291166861546,0.10783057604694177,0.009142607176709778,sandy loam,1.89,0.025,0.41,2.25,0.075,-1,good,good,good
4_8_8,4,8,8,moderate,103.04695787285499,234.78055171645352,0.06554795407460991,0.16359635552329388,0.026781770421855196,0.18166015940299843,0.025041271314233966,0.9514745393385735,0.2062750054188091,0.024245502775018597,0.8761626616435666,1.070446972390221,3.8879818939846293,0.1838438401150338,0.025356181503702585,0.17174492978809167,0.006521681992123708,sandy loam,1.89,0.025,0.41,2.25,0.075,-1,good,good,good
4_10_10,4,10,10,moderate,96.04320425622149,83.97156277867943,0.15920325948320305,0.16435793549788905,0.00935593866216762,0.16187428286889044,0.00957149293738499,0.9491815402709639,0.18781356770685995,0.008279228041538996,0.8392985939287707,1.070446972390221,3.8879818939846293,0.1713485953578798,0.009068886547030535,0.16007200709370248,0.002332543410518873,sandy loam,1.89,0.025,0.41,2.25,0.075,-1,good,good,good
4_0_10,4,0,10,moderate,75.29089676070211,122.90371536437968,0.06684529392743174,0.12520945806753805,0.013641338105443383,0.12368394690500496,0.01379082779941249,0.9775049930581385,0.15408115745764828,0.012388452431823183,0.8921229149433991,1.070446972390221,3.8879818939846293,0.1343248541433971,0.013273539445559685,0.1254848279345035,0.003413992093454991,sandy loam,1.89,0.025,0.41,2.25,0.075,-1,good,good,good
4_0_5,4,0,5,moderate,157.97904121618285,359.715730388273,0.10055193368113967,0.2536030748765238,0.0413844311176054,0.28536945078396375,0.037442981472617355,0.9737121756983229,0.3065684061943768,0.037719941304032396,0.8560090856512885,1.070446972390221,3.8879818939846293,0.2818469772849548,0.03884911796475172,0.2632984020269714,0.009992103621896472,sandy loam,1.89,0.025,0.41,2.25,0.075,-1,good,good,good
4_0_3,4,0,3,moderate,89.91057322434955,145.69997616208948,0.08041053684000633,0.14269553836651122,0.016706449418551744,0.1451747753046052,0.016580103956588297,0.9506693032553776,0.19335219079825483,0.01392001906420962,0.8367770902567433,1.070446972390221,3.8879818939846293,0.1604075014897904,0.015735524146449888,0.1498509553739159,0.004047221560058041,sandy loam,1.89,0.025,0.41,2.25,0.075,-1,good,good,good
4_0_1,4,0,1,moderate,98.45867854749088,128.08176669275196,0.10969115391905422,0.15336068692151997,0.015032768498874784,0.15166586024932718,0.015305437200257632,0.9327642253227649,0.2219474246126709,0.01116009345511618,0.7290949318237824,1.070446972390221,3.8879818939846293,0.17565799059450601,0.013832766384749532,0.16409779757915147,0.003557826852576443,sandy loam,1.89,0.025,0.41,2.25,0.075,-1,good,good,good
4_0_0,4,0,0,moderate,81.51786628798858,145.03499237740135,0.06640239136076544,0.12369712616193902,0.01686016788902984,0.13083584697314446,0.016341929749145393,0.94904087145887706,0.1817697926833577,0.01378902105828604,0.8785127366951366,1.070446972390221,3.8879818939846293,0.14543425527281373,0.015663706232153757,0.13586311047998095,0.004028749788261149,sandy loam,1.89,0.025,0.41,2.25,0.075,-1,good,good,good
4_1_0,4,1,0,moderate,71.7792191792676,78.37207183748899,0.09527677333961464,0.12281167035310124,0.008673002492175518,0.12186993871304072,0.008767422456392499,0.955333271337669,0.13949763018876346,0.007952008076283636,0.9409685350918677,1.070446972390221,3.8879818939846293,0.1280597464183018,0.008464144341617217,0.119632031965446,0.002177001995485805,sandy loam,1.89,0.025,0.41,2.25,0.075,-1,good,good,good
4_5_5,4,5,5,moderate,99.72890949653964,128.77750431064493,0.11193168597387577,0.16442117809126575,0.014616394594640387,0.16432407286705608,0.014692588631080257,0.9558296887889507,0.20502729519342425,0.012414733866972269,0.8480868080818043,1.070446972390221,3.8879818939846293,0.17792418205058202,0.013907905697564305,0.1662148491608994,0.0035771528975179143,sandy loam,1.89,0.025,0.41,2.25,0.075,-1,good,good,good
4_3_3,4,3,3,moderate,93.44844487467493,188.25822308662856,0.0672265943801199,0.15277147136474628,0.02120519133862684,0.15994244358656193,0.02060476001601539,0.9638063310698702,0.18744410950204302,0.01918542887490203,0.8929857236815277,1.070446972390221,3.8879818939846293,0.16671934148445042,0.020331793409848087,0.15574740812445823,0.005229395085739683,sandy loam,1.89,0.025,0.41,2.25,0.075,-1,good,good,good
4_1_1,4,1,1,moderate,88.35433520347783,171.4490086516472,0.06598901684895414,0.15176987863809366,0.01882972141775774,0.15447162073652917,0.018627426288219603,0.9618195648082107,0.16665165370594498,0.018092072408957525,0.843334670080282,1.070446972390221,3.8879818939846293,0.15763105102685593,0.01851640670497829,0.14725722533912972,0.004762472462545756,sandy loam,1.89,0.025,0.41,2.25,0.075,-1,good,good,good
4_2_8,4,2,8,moderate,84.94540277841004,141.3936973677576,0.07396063274488707,0.14034026434236602,0.015854755402074795,0.14007384102010823,0.015944847425180445,0.9670948336281457,0.1742336407506103,0.014011741780193404,0.8508288535685462,1.070446972390221,3.8879818939846293,0.1515492487043615,0.015270448202482882,0.14157567129735008,0.003927602704659933,sandy loam,1.89,0.025,0.41,2.25,0.075,-1,good,good,good
5_0_1,5,0,1,moderate,71.30054100756725,52.73208288321963,0.13972098336487274,0.12400349005800952,0.005789493539760363,0.11794054618829407,0.0061625131767444295,0.9453767099643936,0.13967320501037223,0.005133108573666435,0.8987749675619787,1.070446972390221,3.8879818939846293,0.1272057470855586,0.005695038430057075,0.11883423501261207,0.0014647800800894342,sandy loam,1.89,0.025,0.41,2.25,0.075,-1,good,good,good
5_0_3,5,0,3,moderate,79.75754931760386,112.63480680749069,0.08185060483384374,0.1320420961608409,0.01261227384730588,0.1343423140601885,0.012483780703654327,0.9515025370994714,0.16049672574043453,0.011397452907371501,0.8583099209282252,1.070446972390221,3.8879818939846293,0.14229371198715465,0.012164502486110569,0.1329292488626731,0.0031287446335414083,sandy loam,1.89,0.025,0.41,2.25,0.075,-1,good,good,good
5_0_5,5,0,5,moderate,23.94863007776889,208.62347871640225,0.003984272903750671,0.025569704658172446,0.02346999062309166,0.025469053460700976,0.023543732115882586,0.9914778589356291,0.07713993467933203,0.020579969586814052,0.9347844573116493,1.070446972390221,3.8879818939846293,0.04272623093273515,0.022531230775262766,0.03991438346294815,0.0057950966310111734,sandy loam,1.89,0.025,0.41,2.25,0.075,-1,good,good,good
5_0_0,5,0,0,moderate,86.59737470551799,234.10819559803127,0.046424126808097134,0.1422710571542224,0.026084892337888032,0.14851070001083938,0.025510990555105376,0.9895336283008829,0.17270773068725448,0.024254819250219727,0.9303958619629964,1.070446972390221,3.8879818939846293,0.15449649595077208,0.025283567381071046,0.14432895784253,0.0065030054332786465,sandy loam,1.89,0.025,0.41,2.25,0.075,-1,good,good,good
5_1_0,5,1,0,moderate,76.80911426288085,139.34291013506385,0.06136087540671124,0.1265430787640471,0.015528457583112497,0.13112595638183447,0.015192187960163249,0.9601039139569213,0.1534313839274952,0.014426247095078884,0.8745363853391493,1.070446972390221,3.8879818939846293,0.13703347302445892,0.015048964212784876,0.12801519043813475,0.0038706363926406624,sandy loam,1.89,0.025,0.41,2.25,0.075,-1,good,good,good
5_1_1,5,1,1,moderate,82.24945915828258,189.7300855304594,0.051675038457969225,0.13706160539353127,0.020985289341111227,0.1415797987460239,0.020612011239657172,0.9572936551362226,0.16157701854402842,0.019874960859780036,0.9140266334593707,1.070446972390221,3.8879818939846293,0.14673947422786118,0.020490753813516144,0.13708243193047095,0.005270280153623872,sandy loam,1.89,0.025,0.41,2.25,0.075,-1,good,good,good
5_3_0,5,3,0,moderate,80.5304858573097,144.44420037062832,0.06506859642820131,0.13310657590867706,0.016128310340090792,0.1396170684015509,0.01560923499472072,0.9516652310525471,0.15829442954512543,0.015062157642862721,0.9045658066248642,1.070446972390221,3.8879818939846293,0.14367269128511778,0.015599900992558077,0.13421747642884949,0.00401233889918412,sandy loam,1.89,0.025,0.41,2.25,0.075,-1,good,good,good
5_5_0,5,5,0,moderate,71.83458302891692,114.07315401047258,0.06555934563804686,0.11778631871520984,0.01279728197225257,0.11707366977787186,0.012895000345220734,0.9640196950075174,0.14961557108800866,0.011267247464396486,0.9183487724569215,1.070446972390221,3.8879818939846293,0.12815851986036345,0.012319843260623263,0.11972430504819487,0.003168698722513127,sandy loam,1.89,0.025,0.41,2.25,0.075,-1,good,good,good
5_10_0,5,10,0,moderate,61.06644322871085,207.46222635898545,0.026050563754911014,0.08585047249235163,0.023707761035482784,0.0905703124323845,0.023364495066621735,0.9705298733329513,0.15042116141932807,0.020145192212018482,0.869930906529191,1.070446972390221,3.8879818939846293,0.1089473154480214,0.022405816104707668,0.10177740538118475,0.005762839621082929,sandy loam,1.89,0.025,0.41,2.25,0.075,-1,good,good,good
5_0_10,5,0,10,moderate,130.35987904261057,64.04920090441023,0.38452545185697423,0.21799171764965308,0.0076141832752867344,0.22627525608901072,0.007025837909657769,0.816324617754596,0.2534497154729258,0.006111823268433074,0.6352581775353302,1.070446972390221,3.8879818939846293,0.23257222973719652,0.006917281484459192,0.21726646507101763,0.001779144469566951,sandy loam,1.89,0.025,0.41,2.25,0.075,-1,good,good,good
5_2_8,5,2,8,moderate,45.044625704163074,309.90716185712523,0.009488668223282514,0.06361533224015375,0.03449325778868345,0.06537947874814015,0.0343534859108999,0.9920126865453442,0.11209460504906653,0.03156270914347223,0.8833459097107005,1.070446972390221,3.8879818939846293,0.08036313867912015,0.03346981761435186,0.07507437617360513,0.008608532273809035,sandy loam,1.89,0.025,0.41,2.25,0.075,-1,good,good,good
5_3_3,5,3,3,moderate,57.02069541099775,9.772478567815785,0.48218223064047244,0.09803286504960235,0.0011800969763033704,0.0969829729452122,0.0012646492364874686,0.6990829946508899,0.11017231583662303,7.215220981275454e-4,0.25674831890941374,1.070446972390221,3.8879818939846293,0.10172938461047919,0.0010554227703061282,0.09503449235166292,2.7145773799488294e-4,sandy loam,1.89,0.025,0.41,2.25,0.075,-1,good,good,good
5_8_2,5,8,2,moderate,122.5941965016013,209.37895117634946,0.10402978774473869,0.18301559023289823,0.025252951084472945,0.205328652191637,0.023113754797314773,0.9129574178489194,0.26780868996421947,0.019471758381140472,0.767524463037041,1.070446972390221,3.8879818939846293,0.21871764412958491,0.022612821420976065,0.20432366083600217,0.005816081977120818,sandy loam,1.89,0.025,0.41,2.25,0.075,-1,good,good,good
5_5_5,5,5,5,moderate,49.21465968149933,173.37750190365173,0.020246368669620273,0.07671429700142599,0.01923293275169571,0.07444724891249303,0.019443601818564422,0.9935062602088528,0.11224687135246114,0.01749751444854683,0.9482649864171466,1.070446972390221,3.8879818939846293,0.08780280575546005,0.018724683006268988,0.08202443280249888,0.004816041719545881,sandy loam,1.89,0.025,0.41,2.25,0.075,-1,good,good,good
5_8_8,5,8,8,moderate,74.92064249298424,197.33033575395456,0.041224940792699186,0.1284524678804995,0.02149861253417428,0.12982895629942742,0.02139331438175172,0.9800298255694002,0.14271145045079872,0.021042804129514252,0.9049272308119242,1.070446972390221,3.8879818939846293,0.1336642915435752,0.02131157701514675,0.12486773748830707,0.005481398215387626,sandy loam,1.89,0.025,0.41,2.25,0.075,-1,good,good,good
5_10_10,5,10,10,moderate,73.80876916981984,211.02195986025743,0.03741443431208782,0.11079042388733851,0.023974251222997022,0.11033262400022296,0.024109331025418918,0.9729830997731131,0.1739188195808502,0.020287214349070062,0.8720736326545571,1.070446972390221,3.8879818939846293,0.13168062248947054,0.022790265532495333,0.12301461528303305,0.005861721107229372,sandy loam,1.89,0.025,0.41,2.25,0.075,-1,good,good,good
6_2_8,6,2,8,moderate,93.4152493700697,125.61331136869345,0.10068176022997818,0.14083055524967492,0.014808544789921996,0.14629834752252094,0.014464099885142542,0.92608483588467,0.21285145154414717,0.011425878678679946,0.6972972132678167,1.070446972390221,3.8879818939846293,0.16666011810544767,0.01356617445124816,0.1556920822834495,0.003489258649130374,sandy loam,1.89,0.025,0.41,2.25,0.075,-1,good,good,good
6_0_10,6,0,10,moderate,90.93795593099826,108.00960348578016,0.11096318494207953,0.1395653087448189,0.012669266640517768,0.12552554507498678,0.01385590650141943,0.9259691948342267,0.22163044418865652,0.008469775418827166,0.587487876785484,1.070446972390221,3.8879818939846293,0.1622404326694874,0.011664982853588121,0.1515632598849971,0.0030002667634938932,sandy loam,1.89,0.025,0.41,2.25,0.075,-1,good,good,good
6_0_5,6,0,5,moderate,86.7593992758761,240.0336707728995,0.045447690121391306,0.13678895972244956,0.027133782943218693,0.14694974603419036,0.026200000815778342,0.97241185273373,0.18061797564963963,0.02443676340031137,0.8774697299630612,1.070446972390221,3.8879818939846293,0.15478556046875985,0.025923515719769467,0.14459899879312685,0.006667601965913875,sandy loam,1.89,0.025,0.41,2.25,0.075,-1,good,good,good
6_10_10,6,10,10,moderate,61.83750823952415,202.15773917338882,0.02741350078229002,0.08753825999298348,0.023070594642134797,0.0860003459351721,0.02329962997909305,0.9762596211308507,0.15743026144761424,0.019128577848355737,0.8207836837635288,1.070446972390221,3.8879818939846293,0.11032295579192328,0.021832934156527862,0.10306251373254025,0.005615492754816357,sandy loam,1.89,0.025,0.41,2.25,0.075,-1,good,good,good
6_8_8,6,8,8,moderate,106.95522619712438,146.7048151531579,0.11300835724706573,0.17354936084259345,0.016930889210030744,0.18274793208141168,0.016189396957280625,0.9401048485425709,0.21615219739611005,0.014411852589008619,0.8697534430091551,1.070446972390221,3.8879818939846293,0.19081649677337173,0.015844046252106662,0.17825871032854063,0.004075133754254386,sandy loam,1.89,0.025,0.41,2.25,0.075,-1,good,good,good
6_5_5,6,5,5,moderate,55.47712405892045,72.85890853795428,0.061220394870203206,0.094988869059944,0.00795852520684196,0.09275709143933838,0.008108423824022118,0.966521020430594,0.10918063692965806,0.007539227403389958,0.8876389696028811,1.070446972390221,3.8879818939846293,0.09897553247631348,0.007868725478084678,0.09246187343153409,0.00202385857049873,sandy loam,1.89,0.025,0.41,2.25,0.075,-1,good,good,good
6_1_0,6,1,0,moderate,60.885429758640065,160.99799760392972,0.03337007527921992,0.09868393389456054,0.017869366286600234,0.10322627579346277,0.017523965726523653,0.975986126169375,0.12396291005104529,0.016769776291197733,0.9175461217149812,1.070446972390221,3.8879818939846293,0.1086243732463562,0.017387702768107208,0.1014757162644001,0.004472166600109159,sandy loam,1.89,0.025,0.41,2.25,0.075,-1,good,good,good
6_1_1,6,1,1,moderate,78.65776805613208,196.47244192542715,0.04563862003314027,0.11172155423711949,0.02298476755308876,0.11344869756039305,0.02296393856591148,0.9676372746073155,0.19582459655578163,0.017708068620417034,0.7785787863618465,1.070446972390221,3.8879818939846293,0.14033161611776473,0.021218924913139092,0.13109628009355348,0.005457567831261865,sandy loam,1.89,0.025,0.41,2.25,0.075,-1,good,good,good
6_3_3,6,3,3,moderate,70.0975903381454,187.21361751817838,0.03803817324111779,0.10861408665401662,0.021166769751362224,0.11242459818780617,0.020888302626576576,0.9781339093759838,0.15414008190476589,0.018601857223564625,0.9173453593337674,1.070446972390221,3.8879818939846293,0.12505958891552957,0.020218976533834476,0.11682931723024231,0.005200378264393844,sandy loam,1.89,0.025,0.41,2.25,0.075,-1,good,good,good
6_0_3,6,0,3,moderate,51.21267025725614,145.7578937627364,0.02607796312062563,0.08349886239407894,0.016042770361668672,0.08394270852203523,0.01603660379417316,0.9870046768452916,0.10666066820837863,0.015145963498729353,0.8843182733335566,1.070446972390221,3.8879818939846293,0.0913674130414976,0.015741779218190394,0.08535445042876025,0.004048830382298233,sandy loam,1.89,0.025,0.41,2.25,0.075,-1,good,good,good
6_0_1,6,0,1,moderate,85.12343102243204,82.40497212620878,0.12743705681319373,0.1464043846388007,0.0090847007504923,0.14699758102921281,0.009053073152166462,0.9682477037069785,0.1621986294191375,0.008561312730758552,0.8799029277280973,1.070446972390221,3.8879818939846293,0.15186686502905034,0.008899695544472438,0.14187238503738675,0.0022890270035057993,sandy loam,1.89,0.025,0.41,2.25,0.075,-1,good,good,good
6_0_0,6,0,0,moderate,66.60929415170833,86.80468809461641,0.07407597755136955,0.11426600406170687,0.009544088894550495,0.11676849244775801,0.009386721275420416,0.9652856888778376,0.12547408977926425,0.009193777798766727,0.9312674899401974,1.070446972390221,3.8879818939846293,0.11883619542957638,0.00937486265624588,0.1110154902528472,0.002411241335961567,sandy loam,1.89,0.025,0.41,2.25,0.075,-1,good,good,good
6_3_0,6,3,0,moderate,79.64546605531675,212.61206823169292,0.04323994301545823,0.12888055623418793,0.023769435189188542,0.13519492637735595,0.02321086421573678,0.9755358837063312,0.16220575740606577,0.021905689905695247,0.8710769871816749,1.070446972390221,3.8879818939846293,0.14209374667253655,0.022961996436873522,0.1327424434255279,0.005905890784213693,sandy loam,1.89,0.025,0.41,2.25,0.075,-1,good,good,good
6_5_0,6,5,0,moderate,65.09254371756533,135.94495004574824,0.04517002351828255,0.10472222977809455,0.015206010941375763,0.10296300806754556,0.015396262226382764,0.975520031017211,0.14070534389258946,0.013443685528617647,0.9003131517494389,1.070446972390221,3.8879818939846293,0.1161301939127432,0.014681986232125391,0.10848757286260889,0.0037762486123818955,sandy loam,1.89,0.025,0.41,2.25,0.075,-1,good,good,good
6_10_0,6,10,0,moderate,81.0217594463565,139.9393947705155,0.0679851809674345,0.13180107769816157,0.015768001011472074,0.13463645802299562,0.015578001609376068,0.9718092360130055,0.16720994976424838,0.013994150139396153,0.8767810016442951,1.070446972390221,3.8879818939846293,0.14454916182846853,0.015113384253414765,0.13503626574392752,0.003887205410292097,sandy loam,1.89,0.025,0.41,2.25,0.075,-1,good,good,good
6_8_2,6,8,2,moderate,92.04984464662506,236.22658286625278,0.05198382850965781,0.13898917791848905,0.027129999487593544,0.14797480705294366,0.02628361737032984,0.9857370922451424,0.2057084025834172,0.02312343956389748,0.8367335521972117,1.070446972390221,3.8879818939846293,0.16422412918494997,0.025512352140606955,0.1534164077443751,0.006561849524062577,sandy loam,1.89,0.025,0.41,2.25,0.075,-1,good,good,good
7_10_10,7,10,10,low,125.84002175144747,151.2364894915529,0.15175111497292665,0.20341151304400398,0.017693463479668246,0.21374200234242527,0.016797083028771354,0.9000564545639896,0.2563718360603533,0.014509847895973255,0.7195655069331893,1.070446972390221,3.8879818939846293,0.22450845048226084,0.01633346480147095,0.2097333695857458,0.00420101359698758,sandy loam,1.89,0.025,0.41,2.25,0.075,-1,good,good,good
7_8_8,7,8,8,low,132.23381571125847,101.94769665031484,0.2485756314421639,0.22031907436504905,0.01184383789230216,0.22449573791260788,0.011542325953813342,0.8577351060266507,0.26293162610095844,0.009644736046372957,0.6175800346114493,1.070446972390221,3.8879818939846293,0.23591547945953845,0.01101029996416282,0.22038969285209745,0.0028318804625087454,sandy loam,1.89,0.025,0.41,2.25,0.075,-1,good,good,good
7_8_2,7,8,2,low,147.15352346750248,136.18083501799978,0.23044975312314042,0.24863874064427002,0.015660977259389128,0.25631772062617364,0.014980116766995524,0.8877200697006453,0.2826437570912633,0.013481291045089605,0.7185375580818611,1.070446972390221,3.8879818939846293,0.26253340612056897,0.014707461690491419,0.2452558724458375,0.003782800972722216,sandy loam,1.89,0.025,0.41,2.25,0.075,-1,good,good,good
7_10_0,7,10,0,low,45.1995050179137,281.74869312947897,0.010508878156177747,0.05995880882368207,0.031683955073356806,0.06004529768311437,0.03174142330776558,0.9938663939342741,0.12191425999301517,0.02786077308064809,0.8660893871544025,1.070446972390221,3.8879818939846293,0.0806394554999372,0.030428717153923493,0.0753325083631895,0.007826352586929972,sandy loam,1.89,0.025,0.41,2.25,0.075,-1,good,good,good
7_5_0,7,5,0,low,115.82201937021068,138.01015195065088,0.1408711761195765,0.19395677293906294,0.015558432541080133,0.20067959627751172,0.014978370518666993,0.9302069529901364,0.22527028063824317,0.014178277937769384,0.7761529580958142,1.070446972390221,3.8879818939846293,0.20663554995160593,0.01490502699917217,0.19303669895035114,0.0038336153319625246,sandy loam,1.89,0.025,0.41,2.25,0.075,-1,good,good,good
7_1_0,7,1,0,low,89.87385183692786,65.39507711622826,0.1790080507185948,0.15555215894621832,0.007218098188572217,0.15490368606427793,0.007287400413193007,0.926658822152398,0.17057011796893742,0.006682407713536781,0.8196275887130909,1.070446972390221,3.8879818939846293,0.16034198765981122,0.007062635438434002,0.14978975306154643,0.0018165299198952298,sandy loam,1.89,0.025,0.41,2.25,0.075,-1,good,good,good
7_1_1.4,7,1,1.4,low,158.84312363463278,134.06210431558432,0.2727606488508624,0.261304859123015,0.01595701349838889,0.2755838439240988,0.014616982576247052,0.8684172763370448,0.31327700085137733,0.012861923446069935,0.6482329940728789,1.070446972390221,3.8879818939846293,0.2833885679661637,0.014478639840235293,0.26473853939105463,0.003723947342099565,sandy loam,1.89,0.025,0.41,2.25,0.075,-1,good,good,good
7_0_3,7,0,3,low,64.1068363238589,128.28238263907497,0.04642934762988225,0.10863026327478656,0.014108151870186523,0.11251307496020102,0.013833697941150216,0.9753991759253183,0.12197150602696348,0.013621448606824235,0.9453781660314143,1.070446972390221,3.8879818939846293,0.11437161475398369,0.013854432806053658,0.10684472720643151,0.0035633995177520826,sandy loam,1.89,0.025,0.41,2.25,0.075,-1,good,good,good
7_0_5,7,0,5,low,65.793583876912,175.52908801296607,0.035741181120688297,0.09286571205778466,0.02023333465809884,0.09508343538716443,0.02012524338545322,0.9675384844254769,0.1641935658737635,0.016512581628285148,0.867113288121362,1.070446972390221,3.8879818939846293,0.11738090443957086,0.018957053223945735,0.10965597312818667,0.004875808000360168,sandy loam,1.89,0.025,0.41,2.25,0.075,-1,good,good,good
7_3_0,7,3,0,low,97.48319024051695,113.32929308067301,0.1215257182320617,0.16788805036534807,0.01251246702464429,0.17113133135598196,0.012280680083394242,0.9351855693106507,0.18273354753817653,0.011925372854939319,0.914885640403915,1.070446972390221,3.8879818939846293,0.17391764308650218,0.01223950665432595,0.1624719837341949,0.0031480359189075837,sandy loam,1.89,0.025,0.41,2.25,0.075,-1,good,good,good
7_0_0,7,0,0,low,73.5127437979439,92.82428107098481,0.08437515436835431,0.12020404190737512,0.01046236191567898,0.12105092390336276,0.010451357699063864,0.9449002073698312,0.15220250434229732,0.009161207395767909,0.8856315419742551,1.070446972390221,3.8879818939846293,0.13115249005101173,0.010024975670170251,0.12252123966323983,0.0025784522519718,sandy loam,1.89,0.025,0.41,2.25,0.075,-1,good,good,good
7_0_1,7,0,1,low,81.54927396644015,118.61471782315932,0.08125545508095255,0.1340647410018128,0.013372224724114302,0.134104667824245,0.013415240944455661,0.9484351675752328,0.16830145826392492,0.01164352393614165,0.8753779150757255,1.070446972390221,3.8879818939846293,0.14549028902999422,0.012810329868237205,0.1359154566107336,0.003294853272865537,sandy loam,1.89,0.025,0.41,2.25,0.075,-1,good,good,good
7_3_3,7,3,3,low,105.64280791942761,248.84252228264597,0.06499892686175197,0.16727975862214173,0.028402407095144966,0.17726462927007638,0.027447567425908037,0.9653818356052032,0.22088073156854668,0.024774627236313178,0.8389076105646176,1.070446972390221,3.8879818939846293,0.18847503982025493,0.026874867252455394,0.17607134653237935,0.006912292285629055,sandy loam,1.89,0.025,0.41,2.25,0.075,-1,good,good,good
7_5_5,7,5,5,low,77.36156759220923,283.1306571982209,0.030634763712661994,0.1221353850751779,0.03167111170411829,0.1271592740875467,0.031200440441505852,0.9881933355705499,0.16476261987948443,0.028862353589263492,0.8614508876608544,1.070446972390221,3.8879818939846293,0.13801909301406967,0.03057796857829588,0.12893594598701538,0.007864740477728359,sandy loam,1.89,0.025,0.41,2.25,0.075,-1,good,good,good
7_2_8,7,2,8,low,124.25960781468714,75.25539926568194,0.29735360095152724,0.2134037577587232,0.008515964487496518,0.21559228605496497,0.008380398747354337,0.8319282789412532,0.23607056106445232,0.007486272579278772,0.7241791434785789,1.070446972390221,3.8879818939846293,0.2216888682927135,0.008127545271376543,0.2070993463578119,0.002090427757380054,sandy loam,1.89,0.025,0.41,2.25,0.075,-1,good,good,good
7_0_10,7,0,10,low,114.02858836161813,135.4708723853822,0.1391017127920268,0.18220871314516937,0.015851061224996223,0.19027158558594748,0.015196033248563653,0.9055107425137907,0.23782748715700788,0.012845263776162479,0.7358423482939331,1.070446972390221,3.8879818939846293,0.2034359286293749,0.014630786083240786,0.19004764726936357,0.003763079788482839,sandy loam,1.89,0.025,0.41,2.25,0.075,-1,good,good,good
8_10_0,8,10,0,low,95.00214635427915,34.64850029806501,0.37751420881630365,0.16758602146943152,0.003777144619147227,0.16911386797069186,0.0036897232964069604,0.8073170011234672,0.1717739102374305,0.0037591939021622946,0.7556914636552899,1.070446972390221,3.8879818939846293,0.16949126655918462,0.003742020605905494,0.15833691059046523,9.624583416129169e-4,sandy loam,1.89,0.025,0.41,2.25,0.075,-1,good,good,good
8_5_0,8,5,0,low,92.73215177194919,61.13774597034249,0.20384598450534341,0.15690209771657504,0.006956256467336027,0.1576313605602459,0.00695111329523855,0.8923447645480912,0.1817907972607464,0.0059011676850690324,0.7700800029464842,1.070446972390221,3.8879818939846293,0.16544141851252245,0.006602845815881203,0.15455358628658197,0.0016982707213984024,sandy loam,1.89,0.025,0.41,2.25,0.075,-1,good,good,good
8_3_1,8,3,1,low,NA,102.4738857771622,NA,NA,0.01124660340483014,NA,0.0114092805860883,0.9978200213631447,NA,0.010545500384736192,0.9508297152911873,1.070446972390221,3.8879818939846293,NA,0.011067128125218212,NA,0.002846496827143394,sandy loam,1.89,0.025,0.41,2.25,0.075,-1,good,good,good
8_10_10,8,10,10,low,122.65172551774822,90.90358393567287,0.23983757711757953,0.20715668066205772,0.010344382582959,0.21002795445863898,0.010183621229599807,0.8635930236582249,0.23927620607385328,0.008924620224125206,0.6301299669145258,1.070446972390221,3.8879818939846293,0.21882028039818333,0.009817541345561337,0.20441954252958036,0.002525099553768691,sandy loam,1.89,0.025,0.41,2.25,0.075,-1,good,good,good
8_8_8,8,8,8,low,131.9644378680145,394.73917489178604,0.06393733120579426,0.18684464749665963,0.04725014940432004,0.2306394761091391,0.04170737392849686,0.9611482946361598,0.2888205412891692,0.038937373735991106,0.7331483970628966,1.070446972390221,3.8879818939846293,0.23543488829832263,0.042631632356269336,0.21994072978002419,0.01096497708032739,sandy loam,1.89,0.025,0.41,2.25,0.075,-1,good,good,good
8_8_2,8,8,2,low,103.43163284953498,178.77267950282172,0.08672743884574542,0.17608729901700101,0.019752079939335303,0.18159674496712336,0.01926721356288388,0.9742248122041318,0.1959063471816839,0.018902784918288146,0.8439905018657372,1.070446972390221,3.8879818939846293,0.18453013038860275,0.019307359473502442,0.17238605474922497,0.00496590776396727,sandy loam,1.89,0.025,0.41,2.25,0.075,-1,good,good,good
8_0_10,8,0,10,low,154.5515092586084,380.9337872711491,0.09087573066260422,0.23963746254298712,0.04469829257086744,0.28389232351741545,0.03897528239627707,0.926650783807308,0.3036661897606804,0.03974839734262385,0.7681500968489616,1.070446972390221,3.8879818939846293,0.27573199194036097,0.04114065743658945,0.2575858487643473,0.010581494090865253,sandy loam,1.89,0.025,0.41,2.25,0.075,-1,good,good,good
8_0_5,8,0,5,low,91.37945885201171,215.60089222060418,0.056130320134260184,0.1471373670534646,0.024317764391772707,0.15308737820002874,0.02377012654634872,0.9642099064736964,0.18885958008047019,0.021766472835265293,0.8553079385298114,1.070446972390221,3.8879818939846293,0.1630281084446545,0.02328478792446224,0.15229909808668618,0.005988913672794561,sandy loam,1.89,0.025,0.41,2.25,0.075,-1,good,good,good
8_0_3,8,0,3,low,73.57588232443247,439.5894954493013,0.017847383722205522,0.09056127228586242,0.05107074481715301,0.11876217076771826,0.04772093775498389,0.9727844085428431,0.1844719593220589,0.04363465068558993,0.8867960349563255,1.070446972390221,3.8879818939846293,0.13126513412521318,0.04747544441924228,0.12262647054072078,0.012210819318036147,sandy loam,1.89,0.025,0.41,2.25,0.075,-1,good,good,good
8_3_3,8,3,3,low,101.8659707020758,202.08465153238166,0.07441763012083703,0.17055461212714673,0.022517448074859656,0.17788654062331338,0.021826912116260123,0.963569882788522,0.19676944688767994,0.02113076199305465,0.8487176794247198,1.070446972390221,3.8879818939846293,0.18173686654604668,0.021825040728058142,0.16977661783679301,0.005613462542566157,sandy loam,1.89,0.025,0.41,2.25,0.075,-1,good,good,good
8_5_5,8,5,5,low,67.66169194170892,622.1531580967422,0.01066447072297875,0.07915559041961172,0.07129759385361509,0.11788041111033368,0.06595650532419449,0.9847704331394835,0.16510526489906524,0.06432258531931463,0.9244489522609203,1.070446972390221,3.8879818939846293,0.12071375547633688,0.067192228165708065,0.11276948656951487,0.01728203216935395,sandy loam,1.89,0.025,0.41,2.25,0.075,-1,good,good,good
8_2_8,8,2,8,low,147.74767593203327,154.7993583423832,0.20437278796476818,0.2344953042728487,0.01865987321955161,0.2428910171917769,0.017946099999729733,0.9503957792317946,0.31339394043105734,0.01354878531702068,0.6846461304146151,1.070446972390221,3.8879818939846293,0.2635934206318943,0.016718252845434007,0.24624612655338882,0.0042999821761773105,sandy loam,1.89,0.025,0.41,2.25,0.075,-1,good,good,good
8_0_1,8,0,1,low,39.69445667948674,232.54337147654508,0.00981989102627432,0.05810772568878239,0.025819041379596893,0.05745476095884061,0.025920241319054804,0.995381856194385,0.09689156821853381,0.02360441879026072,0.9235945909011986,1.070446972390221,3.8879818939846293,0.07081801828871893,0.025114567162970804,0.06615742779914456,0.006459538096570697,sandy loam,1.89,0.025,0.41,2.25,0.075,-1,good,good,good
8_1_1,8,1,1,low,60.457361086775954,235.3759896460021,0.022505420068940272,0.09414203340157241,0.026197653727568364,0.09477046273564366,0.026188355178226458,0.9918739407232767,0.1346694995329924,0.023875456596069322,0.897825712856472,1.070446972390221,3.8879818939846293,0.10786066522340282,0.025420488500621383,0.10076226847795994,0.00653822193461117,sandy loam,1.89,0.025,0.41,2.25,0.075,-1,good,good,good
8_1_0,8,1,0,low,77.53047781194252,320.89619898519226,0.027147588484083846,0.10721274889941301,0.0370207398679661,0.12393152507093716,0.03534095915248142,0.9757575262973478,0.18381705223845518,0.031608185271462176,0.8984997700803967,1.070446972390221,3.8879818939846293,0.13832044206960178,0.03465662809730323,0.1292174630199042,0.008913783305144229,sandy loam,1.89,0.025,0.41,2.25,0.075,-1,good,good,good
8_0_0,8,0,0,low,50.21301887146865,311.7535122259568,0.011721203856676918,0.06775047175639809,0.03528525621789526,0.0824352192548817,0.033768080476097466,0.987720593058198,0.11856617911640345,0.031954330882726915,0.9418191987365065,1.070446972390221,3.8879818939846293,0.08958395670922775,0.033669222525573216,0.08368836478578108,0.008659819784054355,sandy loam,1.89,0.025,0.41,2.25,0.075,-1,good,good,good
9_10_10,9,10,10,low,173.73953047911226,288.11287980913005,0.1518397649806598,0.2709275776643508,0.03475518943775594,0.30990973291961726,0.03006077340430332,0.8961153330040753,0.349057461345353,0.028532175501413026,0.7672951007168259,1.070446972390221,3.8879818939846293,0.3099649239764404,0.031116046114490762,0.28956588413185375,0.008003135550253613,sandy loam,1.89,0.025,0.41,2.25,0.075,-1,good,good,good
9_10_0,9,10,0,low,78.66318991123372,150.40433669632196,0.05962572297775869,0.1333043069916802,0.016581533478243732,0.13694432524445033,0.01630672050502742,0.9717926612945826,0.15077523515905508,0.01584252417106782,0.9388694757721174,1.070446972390221,3.8879818939846293,0.14034128913172852,0.01624359271811299,0.13110531651872287,0.004177898241564499,sandy loam,1.89,0.025,0.41,2.25,0.075,-1,good,good,good
9_8_2,9,8,2,low,97.77222865003156,111.15637997665175,0.12463715985705273,0.17184974174946813,0.012074173008702666,0.17860731324800047,0.011526998049159593,0.9129763558991902,0.172842875713885,0.01241332833797921,0.9051604450894508,1.070446972390221,3.8879818939846293,0.17443331023711786,0.012004833131947156,0.16295371441671927,0.0030876772215736596,sandy loam,1.89,0.025,0.41,2.25,0.075,-1,good,good,good
9_8_8,9,8,8,low,83.87217650492144,221.01983111818058,0.04612703005947564,0.12410443076404767,0.02555298077787896,0.1300154590350644,0.025071543793116387,0.9748798926676586,0.19478369723824496,0.020985567228923536,0.8447622265788036,1.070446972390221,3.8879818939846293,0.14963452901245233,0.02387003059997296,0.13978696084153575,0.006139439753282794,sandy loam,1.89,0.025,0.41,2.25,0.075,-1,good,good,good
9_0_0,9,0,0,low,NA,141.5493322642776,NA,NA,0.015063192549236604,NA,0.014523070884119846,0.9934047166178355,NA,0.01627550664573735,0.960394602272825,1.070446972390221,3.8879818939846293,NA,0.015287256693031267,NA,0.003931925896229933,sandy loam,1.89,0.025,0.41,2.25,0.075,-1,good,good,good
9_1_0,9,1,0,low,50.712649065486254,72.05695806595226,0.05172584328670984,0.08607090219933064,0.00785282785844715,0.09640037900149408,0.007240264834415181,0.9653375402193909,0.08895472706936294,0.008253252998473674,0.8954077969960802,1.070446972390221,3.8879818939846293,0.09047533609006256,0.007782115230445335,0.08452108177581043,0.002001582168498674,sandy loam,1.89,0.025,0.41,2.25,0.075,-1,good,good,good
9_1_1,9,1,1,low,72.67633300150705,65.01096513353167,0.11774712398258882,0.1276668356512184,0.006871002701094515,0.13452664577363807,0.006457554408944282,0.927102150330602,0.12678732170457713,0.007734897502430966,0.6119152371925236,1.070446972390221,3.8879818939846293,0.1296602677098112,0.007021151537489921,0.12112722166917841,0.001805860142598102,sandy loam,1.89,0.025,0.41,2.25,0.075,-1,good,good,good
9_0_1,9,0,1,low,83.80422142935437,208.2105812534363,0.04888548227946153,0.13453845546135135,0.023314840027225614,0.14468057402356524,0.022395698573835138,0.9635069994457904,0.1693208460279437,0.021749375569720574,0.8833148983403545,1.070446972390221,3.8879818939846293,0.1495132918376201,0.02248663805692711,0.1396737023822573,0.0057836272570398976,sandy loam,1.89,0.025,0.41,2.25,0.075,-1,good,good,good
9_0_3,9,0,3,low,75.7545147165642,84.06062821626801,0.09894077750123283,0.12851807594782486,0.009345005188593582,0.13190410244440468,0.009140151502185766,0.9452790224746395,0.14503377622395347,0.008750360017705945,0.8906502927310901,1.070446972390221,3.8879818939846293,0.135151984872061,0.009078505569495098,0.12625752452760702,0.0023350174504518893,sandy loam,1.89,0.025,0.41,2.25,0.075,-1,good,good,good
9_0_5,9,0,5,low,119.71927595667512,42.70588269024677,0.4863975399859487,0.20824162918594014,0.004796781182444708,0.20932918787975327,0.004740497462121244,0.8122427602978467,0.22319486535716793,0.004299362910959966,0.6348022572904283,1.070446972390221,3.8879818939846293,0.21358856080762045,0.004612213851841972,0.19953212659445854,0.0011862745191735212,sandy loam,1.89,0.025,0.41,2.25,0.075,-1,good,good,good
9_3_3,9,3,3,low,19.426014710263836,45.2185420850075,0.012094886016549998,0.033504206448856155,0.004907541276099144,0.034672712039326405,0.004838426399265947,0.989040625126991,0.03579567467286652,0.004904771732875837,0.9638251321805492,1.070446972390221,3.8879818939846293,0.03465753105368303,0.004883579802746976,0.03237669118377306,0.0012560706134724306,sandy loam,1.89,0.025,0.41,2.25,0.075,-1,good,good,good
9_3_0,9,3,0,low,91.58532824221929,169.02523217601555,0.07192024871980493,0.1459679556916651,0.019308925572907754,0.14507821282213607,0.01948547419913999,0.9651377599269966,0.1991400181474401,0.015969520421860315,0.8519637462583449,1.070446972390221,3.8879818939846293,0.16339539555374707,0.018254640064636018,0.15264221373703216,0.004695145338222654,sandy loam,1.89,0.025,0.41,2.25,0.075,-1,good,good,good
9_5_0,9,5,0,low,96.736919407541,304.6407380821295,0.044519208720898144,0.1432360393372924,0.035401751175390385,0.16714306849337737,0.03285112113940452,0.9679783234144065,0.20737960466012556,0.03045026717132452,0.8845222382979326,1.070446972390221,3.8879818939846293,0.17258623749693178,0.03290104649537314,0.16122819901256832,0.008462242724503596,sandy loam,1.89,0.025,0.41,2.25,0.075,-1,good,good,good
9_0_10,9,0,10,low,60.166073491607264,44.94108321141599,0.1167375872458393,0.10466268950478859,0.004966216166068026,0.10903049195265356,0.0046971202139015535,0.9677268776251957,0.1083297745910505,0.004897506771867252,0.9103535253436412,1.070446972390221,3.8879818939846293,0.10734098534949756,0.0048536143839456106,0.10027678915267878,0.0012483634225393331,sandy loam,1.89,0.025,0.41,2.25,0.075,-1,good,good,good
9_2_8,9,2,8,low,93.27267782990799,152.6037093601823,0.08262181095279267,0.14302557960766388,0.01782686813213791,0.1481095797895105,0.01748058906210709,0.9478628255432529,0.2080821185515931,0.014135914384695117,0.7989284939825416,1.070446972390221,3.8879818939846293,0.1664057593162558,0.01648112385964671,0.15545446304984664,0.004238991926671731,sandy loam,1.89,0.025,0.41,2.25,0.075,-1,good,good,good
9_5_5,9,5,5,low,77.55971816702018,177.04028975908574,0.04924376409373003,0.11851888207004581,0.020222066240483685,0.12096437415041394,0.020104918435103418,0.950861435005113,0.17563457123616807,0.017033802081839383,0.889916638542622,1.070446972390221,3.8879818939846293,0.13837260915220928,0.019120262252475494,0.12926619694503363,0.004917785826641271,sandy loam,1.89,0.025,0.41,2.25,0.075,-1,good,good,good
10_0_10,10,0,10,unburned,54.738091075483744,30.550054305542076,0.14214062423025378,0.09695069795181667,0.003296250533506748,0.10161824867118785,0.003001680997150007,0.8160052213848836,0.09440217270785423,0.0036002399693594754,0.8036922752196235,1.070446972390221,3.8879818939846293,0.09765703977695292,0.00329939050000541,0.0912301517924729,8.48612619598391e-4,sandy loam,1.89,0.025,0.41,2.25,0.075,-1,good,good,good
10_2_8,10,2,8,unburned,2.176592382738967,0.5612034918494699,0.012234458570105465,NA,6.743863372200747e-5,NA,6.552218001592377e-5,0.8809667423455071,0.0038832112103842414,4.88682708580429e-5,0.12179314422655835,1.070446972390221,3.8879818939846293,0.0038832112103842414,6.060969486532471e-5,0.0036276539712316123,1.5588985884707497e-5,sandy loam,1.89,0.025,0.41,2.25,0.075,-1,poor,poor,moderate
10_3_3,10,3,3,unburned,1.4536178922954206,0.571042554887447,0.005362693247859475,0.0011464202205876013,6.891042828901446e-5,0.002695150238020242,5.3320157066862064e-5,0.8235043239820047,0.003938533900491595,6.27863408188833e-5,0.524025483038066,1.070446972390221,3.8879818939846293,0.0025933681196998125,6.167230872491994e-5,0.0024226964871590347,1.5862293191317973e-5,sandy loam,1.89,0.025,0.41,2.25,0.075,-1,moderate,moderate,good
10_8_8,10,8,8,unburned,NA,126.40216388521402,NA,NA,0.013340514931646993,NA,0.012292923331395499,0.9825575137293557,NA,0.015320672115806674,0.9343208011384165,1.070446972390221,3.8879818939846293,NA,0.013651370126283055,NA,0.003511171219033723,sandy loam,1.89,0.025,0.41,2.25,0.075,-1,moderate,good,good
10_8_2,10,8,2,unburned,65.8009336326307,165.93755996440586,0.03781554127386629,0.11476375454248709,0.01795176090824928,0.11895254768286934,0.017587042122231316,0.9334975351743479,0.11846574871214055,0.018224716025652628,0.7278569514808005,1.070446972390221,3.8879818939846293,0.11739401697916566,0.017921173018711073,0.10966822272105116,0.00460937666567794,sandy loam,1.89,0.025,0.41,2.25,0.075,-1,good,good,good
10_10_0,10,10,0,unburned,24.290497635939943,142.13241073664076,0.00601631561850782,0.042452981440958985,0.015332543060870377,0.04473714230973915,0.01516476797988782,0.998251987902766,0.042818324510520527,0.015553375583612295,0.9031277937184828,1.070446972390221,3.8879818939846293,0.04333614942040622,0.015350228874790164,0.04048416272656657,0.003948122520462244,sandy loam,1.89,0.025,0.41,2.25,0.075,-1,good,good,good
10_0_1,10,0,1,unburned,NA,48.863423636273296,NA,NA,0.00497584437481364,NA,0.004537750864517327,0.9665542248634272,NA,0.006318080291996629,0.824814617327033,1.070446972390221,3.8879818939846293,NA,0.005277225177109199,NA,0.0013573173232298138,sandy loam,1.89,0.025,0.41,2.25,0.075,-1,moderate,moderate,good
10_0_3,10,0,3,unburned,1.7364401858871132,0.08677557061836648,0.05035853496950298,0.0030816513915461435,8.875894950014694e-6,0.002663834833282673,1.2126632650458971e-5,0.9001463549280041,0.0035483494737690484,7.112626349892455e-6,0.2681471129310691,1.070446972390221,3.8879818939846293,0.0030979452328659548,9.371717983455373e-6,0.002894066976478522,2.4104325171768464e-6,sandy loam,1.89,0.025,0.41,2.25,0.075,-1,good,good,good
10_0_5,10,0,5,unburned,NA,0.9326544552738902,NA,NA,8.908193795889137e-5,NA,5.2648391718170726e-5,0.7183426150465589,NA,1.604483066103531e-4,0.6762644440309905,1.070446972390221,3.8879818939846293,NA,1.0072621209580507e-4,NA,2.5907068202052507e-5,sandy loam,1.89,0.025,0.41,2.25,0.075,-1,poor,poor,poor
10_0_0,10,0,0,unburned,29.169872359485186,18.209476685609168,0.06772086579186157,0.048713282859753695,0.0020698503117646764,0.04923790390582719,0.0020551269883781007,0.8573513602357915,0.05817282099551965,0.001774865670905864,0.747204460887796,1.070446972390221,3.8879818939846293,0.052041335920366846,0.00196661432368288,0.04861645393247531,5.058187968224769e-4,sandy loam,1.89,0.025,0.41,2.25,0.075,-1,good,good,good
10_1_0,10,1,0,unburned,NA,78.70246650559051,NA,NA,0.00835832970483763,NA,0.007968547731435289,0.9950874108161183,NA,0.009172602962532719,0.94557016469671,1.070446972390221,3.8879818939846293,NA,0.00849982679960188,NA,0.002186179625155292,sandy loam,1.89,0.025,0.41,2.25,0.075,-1,good,good,good
10_1_1,10,1,1,unburned,NA,79.79201329364994,NA,NA,0.00858351840347257,NA,0.007732722548165588,0.9733929204106349,NA,0.009536250962552829,0.9201767549594972,1.070446972390221,3.8879818939846293,NA,0.00861749730473033,NA,0.0022164448137124986,sandy loam,1.89,0.025,0.41,2.25,0.075,-1,moderate,good,good
10_3_0,10,3,0,unburned,73.56490610524014,221.0474012246363,0.03548189985752434,0.102080061205241,0.025635124387361194,0.11232616525657473,0.024755133766771777,0.9645883870061379,0.17933042861081028,0.021228766318678857,0.5254206722212165,1.070446972390221,3.8879818939846293,0.13124555169087535,0.02387300815760394,0.12260817684206692,0.0061402055895732315,sandy loam,1.89,0.025,0.41,2.25,0.075,-1,good,good,good
10_5_0,10,5,0,unburned,32.670193161776695,17.405321365391686,0.08887349664058057,0.05849321796412559,0.0018625112330887203,0.06473470218245861,0.001515662919160373,0.38553977981048193,0.05163062664055359,0.0022611237083864652,0.7667606258631815,1.070446972390221,3.8879818939846293,0.05828618226237926,0.0018797659535451862,0.05445032193629448,4.8348114903865795e-4,sandy loam,1.89,0.025,0.41,2.25,0.075,-1,good,poor,moderate
10_10_10,10,10,10,unburned,52.84116676652376,3.11867184372058,1.2975557513251113,0.09592529803976896,9.443498866586239e-5,0.10214250558282764,NA,0.3497387467221383,0.08475053129136406,5.791949925377641e-4,0.1440114765296432,1.070446972390221,3.8879818939846293,0.09427277830465355,3.3681499060181326e-4,0.08806861127753961,8.662977343668278e-5,sandy loam,1.89,0.025,0.41,2.25,0.075,-1,good,poor,poor
10_5_5,10,5,5,unburned,NA,4.902162336216364,NA,NA,5.32082820635495e-4,NA,4.2363262799258926e-4,0.924448189820099,NA,6.325777517538003e-4,0.8864775694812062,1.070446972390221,3.8879818939846293,NA,5.294310667939615e-4,NA,1.3617117600601012e-4,sandy loam,1.89,0.025,0.41,2.25,0.075,-1,moderate,moderate,moderate
11_8_8,11,8,8,unburned,73.71918878867788,69.90778456146833,0.11266433696928939,0.12813110089079727,0.007616046272918027,0.12967007545902678,0.007533499530026342,0.9124876002557174,0.13676123587969277,0.007500470915686222,0.8811782447110129,1.070446972390221,3.8879818939846293,0.1315208040765056,0.007550005572876863,0.12286531464779646,0.0019418829044852315,sandy loam,1.89,0.025,0.41,2.25,0.075,-1,good,good,good
11_10_10,11,10,10,unburned,2.732373645844976,1.9106430744358616,0.005663064661772868,NA,1.8609877009407704e-4,0.004874768494389308,1.0298440385519587e-4,0.7108626351556505,NA,3.299622993235402e-4,0.6075463433009481,1.070446972390221,3.8879818939846293,0.004874768494389308,2.063484910909377e-4,0.004553956076408293,5.307341873432949e-5,sandy loam,1.89,0.025,0.41,2.25,0.075,-1,poor,poor,poor
11_5_5,11,5,5,unburned,41.7812734131366,136.941971096048,0.01847471209622319,0.06345140848738728,0.015194035528971795,0.0620571173443019,0.015357604578491486,0.9691889327388364,0.09811466230681143,0.013817351904870144,0.8854571778756021,1.070446972390221,3.8879818939846293,0.07454106271283353,0.014789664004111141,0.06963545568856101,0.003803943641556889,sandy loam,1.89,0.025,0.41,2.25,0.075,-1,good,good,good
11_3_3,11,3,3,unburned,1.5669708818037718,21.976022343722533,1.619286420455862e-4,0.0010561441636823005,0.002221832757483826,0.0045350532904859745,0.0020735340142101037,0.9899743604385577,NA,0.0028248313094889764,0.8358319372257126,1.070446972390221,3.8879818939846293,0.0027955987270841375,0.002373399360394302,0.0026116181363396197,6.104450651034037e-4,sandy loam,1.89,0.025,0.41,2.25,0.075,-1,good,good,good
11_2_8,11,2,8,unburned,NA,37.31414849578608,NA,NA,0.003967199802246687,NA,0.0035171454983667166,0.9758826616896547,NA,0.0046053825111424355,0.8869889618478749,1.070446972390221,3.8879818939846293,NA,0.00402990927058528,NA,0.0010365041248829466,sandy loam,1.89,0.025,0.41,2.25,0.075,-1,moderate,moderate,good
11_0_10,11,0,10,unburned,NA,147.7690583452865,NA,NA,0.015461356069216805,NA,0.014361639870964846,0.979433899768577,NA,0.01805395600462104,0.9495810574825092,1.070446972390221,3.8879818939846293,NA,0.015958983981600897,NA,0.004104696065146848,sandy loam,1.89,0.025,0.41,2.25,0.075,-1,moderate,moderate,moderate
11_5_0,11,5,0,unburned,3.6895568399831022,49.36666238600698,3.996368744930166e-4,0.004470072002118286,0.005250178396385712,0.008694844493953524,0.004987755028849419,0.9953113478826976,NA,0.005756790701702135,0.9275199994141966,1.070446972390221,3.8879818939846293,0.006582458248035905,0.0053315747089790885,0.006149261399971837,0.0013712961773890827,sandy loam,1.89,0.025,0.41,2.25,0.075,-1,good,good,good
11_10_0,11,10,0,unburned,95.3019450840185,121.44589344721408,0.10838560449793845,0.15530840046908925,0.013914320902899128,0.1554364553292869,0.014009135767260632,0.9168764558516674,0.19933353709205742,0.011424829564969808,0.7611027319499788,1.070446972390221,3.8879818939846293,0.17002613096347785,0.013116095411709857,0.15883657514003083,0.003373497040200391,sandy loam,1.89,0.025,0.41,2.25,0.075,-1,good,good,good
11_8_2,11,8,2,unburned,11.445943976502273,6.7699947902737065,0.028045669156189508,0.019254876174347447,7.407155080856403e-4,0.027844293462284984,4.5384543960406797e-4,0.1460330607467218,0.014162210742342295,9.98907149556495e-4,0.6633807116599933,1.070446972390221,3.8879818939846293,0.02042046012632491,7.31156032415401e-4,0.019076573294170455,1.880554108409363e-4,sandy loam,1.89,0.025,0.41,2.25,0.075,-1,moderate,poor,moderate
11_0_0,11,0,0,unburned,NA,19.23348314605477,NA,NA,0.0021470106473273566,NA,0.0017919652342821102,0.9283697982078465,NA,0.0022926436375671553,0.8671762432443407,1.070446972390221,3.8879818939846293,NA,0.0020772065063922075,NA,5.342634207237436e-4,sandy loam,1.89,0.025,0.41,2.25,0.075,-1,moderate,good,good
11_1_0,11,1,0,unburned,25.072454392687323,76.84517459068006,0.011855722012282837,0.04516781790444326,0.008223608750467803,0.04635719256487248,0.008148598250330324,0.9905757312994357,0.04266865400590446,0.008525513619922851,0.9272980197930558,1.070446972390221,3.8879818939846293,0.04473122149174007,0.008299240206906993,0.041787423987812204,0.002134588183074446,sandy loam,1.89,0.025,0.41,2.25,0.075,-1,good,good,good
11_3_0,11,3,0,unburned,90.8000952365144,7.570744685720745,1.578283139158642,0.15947630883527925,9.00928496629685e-4,0.16721678816028432,4.171928566849949e-4,0.37890949107274136,0.1592903381977893,0.001134788501857204,0.1681314475384356,1.070446972390221,3.8879818939846293,0.16199447839778428,8.17636618390628e-4,0.15133349206085733,2.1029846349224292e-4,sandy loam,1.89,0.025,0.41,2.25,0.075,-1,good,good,moderate
11_0_5,11,0,5,unburned,NA,32.26027883295462,NA,NA,0.003065497570834623,NA,0.002215306546017261,0.8162076858307625,NA,0.005171477549600046,0.7094540236297143,1.070446972390221,3.8879818939846293,NA,0.00348409388881731,NA,8.961188564709616e-4,sandy loam,1.89,0.025,0.41,2.25,0.075,-1,poor,poor,poor
11_0_3,11,0,3,unburned,0.5483994788081299,15.622604633526995,2.7899186106601275e-5,0.0011727753456637457,0.0016565007301108845,2.382889695334e-4,0.0016913812292914283,0.9960726580391571,0.0015240984935555432,0.0017138183699337982,0.8374057986320147,1.070446972390221,3.8879818939846293,9.78387602917563e-4,0.001687233443112037,9.139991313468831e-4,4.339612398201943e-4,sandy loam,1.89,0.025,0.41,2.25,0.075,-1,good,good,good
11_0_1,11,0,1,unburned,1.9161794027322425,0.04563629850284315,0.11660383446699778,0.003432386103903436,6.392098235953877e-8,0.004244039954081042,NA,0.4144276277620017,0.002579416143071676,9.793473589170017e-6,0.401922429054598,1.070446972390221,3.8879818939846293,0.003418614067018718,4.928697285764778e-6,0.003193632337887071,1.2676749584123095e-6,sandy loam,1.89,0.025,0.41,2.25,0.075,-1,good,poor,moderate
11_1_1,11,1,1,unburned,NA,3.105492254209339,NA,NA,3.2559707173565047e-4,NA,2.7237377795248126e-4,0.9598355103200374,NA,4.082039550014869e-4,0.8499398538603934,1.070446972390221,3.8879818939846293,NA,3.353916015632062e-4,NA,8.62636737280372e-5,sandy loam,1.89,0.025,0.41,2.25,0.075,-1,moderate,moderate,moderate
12_2_8,12,2,8,unburned,NA,2.5611247788281997,NA,NA,2.6845870941296035e-4,NA,2.29132580397707e-4,0.9527866714249306,NA,3.322092742159518e-4,0.7405003457552974,1.070446972390221,3.8879818939846293,NA,2.7660018800887307e-4,NA,7.114235496745e-5,sandy loam,1.89,0.025,0.41,2.25,0.075,-1,moderate,moderate,moderate
12_8_8,12,8,8,unburned,12.696064497081887,NA,NA,0.020899197054658175,NA,0.023132810959881143,NA,0.4978744745421558,0.023920310996322084,NA,0.09776710941428919,1.070446972390221,3.8879818939846293,0.022650773003620468,NA,0.021160107495136478,NA,sandy loam,1.89,0.025,0.41,2.25,0.075,-1,good,poor,poor
12_8_2,12,8,2,unburned,55.8454051218655,75.26050748823273,0.060056311906047086,0.09822909718125326,0.008144021049566722,0.09951967871316714,0.008065507636576954,0.9926933628656849,0.10114894827861096,0.008174762184384952,0.9613649739853607,1.070446972390221,3.8879818939846293,0.09963257472434378,0.008128096956842875,0.09307567520310916,0.0020905696524509093,sandy loam,1.89,0.025,0.41,2.25,0.075,-1,good,good,good
12_0_3,12,0,3,unburned,66.99103248040434,49.90918103240635,0.13031782059243532,0.11713920736036004,0.005449324101897028,0.11944170948694662,0.005319471066256372,0.9703969207735945,0.12197082263241231,0.005401704181646348,0.92042910133226,1.070446972390221,3.8879818939846293,0.11951724649323965,0.0053901664499332496,0.11165172080067391,0.0013863661397890653,sandy loam,1.89,0.025,0.41,2.25,0.075,-1,good,good,good
12_0_5,12,0,5,unburned,69.362502189648,73.56024844018448,0.09478884359316361,0.11668880790384753,0.008187870496480383,0.11921723875348801,0.008058671279180635,0.9328732852149288,0.1353383556742583,0.007586867728709676,0.8649205929092132,1.070446972390221,3.8879818939846293,0.12374813411053129,0.007944469834790231,0.11560417031607999,0.002043340234449569,sandy loam,1.89,0.025,0.41,2.25,0.075,-1,good,good,good
12_0_10,12,0,10,unburned,52.826356404392655,153.0076087770187,0.02643255809936435,0.09454175651597752,0.016367656260310736,0.09401135822733535,0.01638794180802564,0.9948936375230527,0.09418595163413157,0.016818636312241318,0.9057103425409532,1.070446972390221,3.8879818939846293,0.09424635545914814,0.0165247447935259,0.08804392734065443,0.004250211354917186,sandy loam,1.89,0.025,0.41,2.25,0.075,-1,good,good,good
12_0_0,12,0,0,unburned,0.7252015199741618,0.3075016976257325,0.002478681942451295,9.120853468733805e-4,3.4055310589083964e-5,0.0010720814182894139,3.2900707157289106e-5,0.9836280131128531,0.001897282091982845,3.2674068315158935e-5,0.45739511667032756,1.070446972390221,3.8879818939846293,0.0012938162857152131,3.321002868717734e-5,0.0012086691999569363,8.541713822937014e-6,sandy loam,1.89,0.025,0.41,2.25,0.075,-1,good,good,good
12_1_0,12,1,0,unburned,NA,13.366151006439793,NA,NA,0.001427429169297942,NA,0.0013747398177635479,0.9973017029492108,NA,0.001528443771713705,0.871123677047679,1.070446972390221,3.8879818939846293,NA,0.0014435375862583983,NA,3.7128197240110533e-4,sandy loam,1.89,0.025,0.41,2.25,0.075,-1,good,good,good
12_3_0,12,3,0,unburned,NA,1.219678503016715,NA,NA,1.3353542990949407e-4,NA,9.727553899240443e-5,0.905675187873469,NA,1.643630257823736e-4,0.7636251972537695,1.070446972390221,3.8879818939846293,NA,1.3172466489475736e-4,NA,3.387995841713097e-5,sandy loam,1.89,0.025,0.41,2.25,0.075,-1,moderate,moderate,moderate
12_0_1,12,0,1,unburned,105.64729040956173,58.11348010642629,0.2783496960325567,0.1820586265947987,0.0064860114772293,0.18026415151106498,0.00665951867400206,0.867045032612712,0.2031263326948653,0.005683149719620418,0.6728504388049034,1.070446972390221,3.8879818939846293,0.18848303693357632,0.00627622662361726,0.17607881734926956,0.001614263336289619,sandy loam,1.89,0.025,0.41,2.25,0.075,-1,good,good,good
12_1_1,12,1,1,unburned,5.154515037453072,24.286140043230038,0.001585506534098193,0.00730161640699739,0.002664292381212345,0.009181390226461134,0.0025706017449521248,0.9970166087666418,0.011105168446449015,0.002633778604073319,0.85966445075987,1.070446972390221,3.8879818939846293,0.00919605835996918,0.002622890910079263,0.00859085839575512,6.746150012008344e-4,sandy loam,1.89,0.025,0.41,2.25,0.075,-1,good,good,good
12_5_0,12,5,0,unburned,NA,1.8787698050482353,NA,NA,1.6178380862685095e-4,NA,1.2712458269078402e-4,0.8599910220879122,NA,3.1981019076507926e-4,0.6328159287440432,1.070446972390221,3.8879818939846293,NA,2.0290619402757142e-4,NA,5.218805014022876e-5,sandy loam,1.89,0.025,0.41,2.25,0.075,-1,poor,poor,poor
12_5_5,12,5,5,unburned,34.91922986604062,2.7089528175773663,0.6523471692148416,0.06239613781875611,2.6753510660403534e-4,0.06158379932004732,3.0796986551001626e-4,0.5955524002329883,0.0629159823027034,3.0219165341923565e-4,0.14754051317770536,1.070446972390221,3.8879818939846293,0.062298639813835606,2.925655418444291e-4,0.05819871644340103,7.524868937714907e-5,sandy loam,1.89,0.025,0.41,2.25,0.075,-1,good,good,moderate
12_10_0,12,10,0,unburned,70.24508412929828,29.19060035172403,0.24498514783331832,0.1348452149351515,0.002705496925312638,0.14289529495196515,0.0020921085414704944,0.12396755933137636,0.0982276782704018,0.004660105003387232,0.590525099214239,1.070446972390221,3.8879818939846293,0.1253227293858395,0.003152570156723455,0.11707514021549711,8.108500097701119e-4,sandy loam,1.89,0.025,0.41,2.25,0.075,-1,good,poor,moderate
12_10_10,12,10,10,unburned,17.345515439884963,4.356200938542839,0.10009616181020616,0.029236193081636334,5.081182528787761e-4,0.03478328099361407,3.2181084469345885e-4,0.7332842069411565,0.02881779836061305,5.814734337288823e-4,0.7553168849431089,1.070446972390221,3.8879818939846293,0.03094575747862115,4.7046751043370574e-4,0.02890919239980827,1.2100558162618997e-4,sandy loam,1.89,0.025,0.41,2.25,0.075,-1,good,poor,moderate
12_3_3,12,3,3,unburned,NA,27.7745432413186,NA,NA,0.002976857927329431,NA,0.00283202272987258,0.9942063002326659,NA,0.0031900294457929794,0.8819987241648763,1.070446972390221,3.8879818939846293,NA,0.00299963670099833,NA,7.715150900366279e-4,sandy loam,1.89,0.025,0.41,2.25,0.075,-1,good,good,good
